AccommodationID,Date,IsAvailable
1,2024-06-01,True
1,2024-06-02,True
1,2024-06-03,False
1,2024-06-04,False
1,2024-06-05,False
1,2024-06-06,False
1,2024-06-07,True
1,2024-06-08,True
1,2024-06-09,True
1,2024-06-10,True
1,2024-06-11,False
1,2024-06-12,True
1,2024-06-13,True
1,2024-06-14,True
1,2024-06-15,True
1,2024-06-16,True
1,2024-06-17,True
1,2024-06-18,True
1,2024-06-19,True
1,2024-06-20,True
1,2024-06-21,True
1,2024-06-22,True
1,2024-06-23,False
1,2024-06-24,False
1,2024-06-25,True
1,2024-06-26,True
1,2024-06-27,True
1,2024-06-28,True
1,2024-06-29,True
1,2024-06-30,True
2,2024-06-01,True
2,2024-06-02,True
2,2024-06-03,True
2,2024-06-04,True
2,2024-06-05,True
2,2024-06-06,True
2,2024-06-07,True
2,2024-06-08,True
2,2024-06-09,True
2,2024-06-10,True
2,2024-06-11,True
2,2024-06-12,False
2,2024-06-13,False
2,2024-06-14,False
2,2024-06-15,False
2,2024-06-16,False
2,2024-06-17,False
2,2024-06-18,True
2,2024-06-19,False
2,2024-06-20,False
2,2024-06-21,False
2,2024-06-22,False
2,2024-06-23,False
2,2024-06-24,True
2,2024-06-25,True
2,2024-06-26,True
2,2024-06-27,True
2,2024-06-28,True
2,2024-06-29,True
2,2024-06-30,True
3,2024-06-01,True
3,2024-06-02,True
3,2024-06-03,True
3,2024-06-04,True
3,2024-06-05,True
3,2024-06-06,True
3,2024-06-07,True
3,2024-06-08,False
3,2024-06-09,False
3,2024-06-10,False
3,2024-06-11,False
3,2024-06-12,True
3,2024-06-13,True
3,2024-06-14,True
3,2024-06-15,True
3,2024-06-16,True
3,2024-06-17,True
3,2024-06-18,True
3,2024-06-19,True
3,2024-06-20,True
3,2024-06-21,True
3,2024-06-22,True
3,2024-06-23,False
3,2024-06-24,True
3,2024-06-25,True
3,2024-06-26,True
3,2024-06-27,True
3,2024-06-28,False
3,2024-06-29,True
3,2024-06-30,True
4,2024-06-01,True
4,2024-06-02,True
4,2024-06-03,True
4,2024-06-04,True
4,2024-06-05,False
4,2024-06-06,False
4,2024-06-07,False
4,2024-06-08,True
4,2024-06-09,True
4,2024-06-10,True
4,2024-06-11,True
4,2024-06-12,False
4,2024-06-13,False
4,2024-06-14,False
4,2024-06-15,False
4,2024-06-16,False
4,2024-06-17,False
4,2024-06-18,False
4,2024-06-19,True
4,2024-06-20,False
4,2024-06-21,False
4,2024-06-22,False
4,2024-06-23,False
4,2024-06-24,True
4,2024-06-25,True
4,2024-06-26,True
4,2024-06-27,True
4,2024-06-28,True
4,2024-06-29,True
4,2024-06-30,True
5,2024-06-01,True
5,2024-06-02,True
5,2024-06-03,True
5,2024-06-04,True
5,2024-06-05,True
5,2024-06-06,True
5,2024-06-07,True
5,2024-06-08,True
5,2024-06-09,True
5,2024-06-10,False
5,2024-06-11,False
5,2024-06-12,False
5,2024-06-13,False
5,2024-06-14,False
5,2024-06-15,False
5,2024-06-16,True
5,2024-06-17,True
5,2024-06-18,True
5,2024-06-19,False
5,2024-06-20,False
5,2024-06-21,False
5,2024-06-22,False
5,2024-06-23,False
5,2024-06-24,False
5,2024-06-25,True
5,2024-06-26,True
5,2024-06-27,True
5,2024-06-28,True
5,2024-06-29,True
5,2024-06-30,True
6,2024-06-01,True
6,2024-06-02,True
6,2024-06-03,False
6,2024-06-04,False
6,2024-06-05,False
6,2024-06-06,False
6,2024-06-07,False
6,2024-06-08,False
6,2024-06-09,False
6,2024-06-10,False
6,2024-06-11,False
6,2024-06-12,False
6,2024-06-13,True
6,2024-06-14,True
6,2024-06-15,True
6,2024-06-16,True
6,2024-06-17,True
6,2024-06-18,True
6,2024-06-19,True
6,2024-06-20,True
6,2024-06-21,True
6,2024-06-22,True
6,2024-06-23,True
6,2024-06-24,True
6,2024-06-25,True
6,2024-06-26,True
6,2024-06-27,True
6,2024-06-28,True
6,2024-06-29,True
6,2024-06-30,True
7,2024-06-01,True
7,2024-06-02,True
7,2024-06-03,True
7,2024-06-04,True
7,2024-06-05,True
7,2024-06-06,True
7,2024-06-07,True
7,2024-06-08,True
7,2024-06-09,True
7,2024-06-10,False
7,2024-06-11,False
7,2024-06-12,False
7,2024-06-13,False
7,2024-06-14,False
7,2024-06-15,False
7,2024-06-16,True
7,2024-06-17,True
7,2024-06-18,True
7,2024-06-19,True
7,2024-06-20,True
7,2024-06-21,True
7,2024-06-22,True
7,2024-06-23,True
7,2024-06-24,True
7,2024-06-25,True
7,2024-06-26,True
7,2024-06-27,True
7,2024-06-28,True
7,2024-06-29,True
7,2024-06-30,True
8,2024-06-01,True
8,2024-06-02,True
8,2024-06-03,False
8,2024-06-04,False
8,2024-06-05,False
8,2024-06-06,False
8,2024-06-07,False
8,2024-06-08,False
8,2024-06-09,True
8,2024-06-10,True
8,2024-06-11,True
8,2024-06-12,True
8,2024-06-13,True
8,2024-06-14,True
8,2024-06-15,True
8,2024-06-16,True
8,2024-06-17,True
8,2024-06-18,True
8,2024-06-19,True
8,2024-06-20,True
8,2024-06-21,True
8,2024-06-22,True
8,2024-06-23,True
8,2024-06-24,True
8,2024-06-25,True
8,2024-06-26,True
8,2024-06-27,True
8,2024-06-28,True
8,2024-06-29,True
8,2024-06-30,True
9,2024-06-01,True
9,2024-06-02,True
9,2024-06-03,False
9,2024-06-04,False
9,2024-06-05,False
9,2024-06-06,False
9,2024-06-07,False
9,2024-06-08,False
9,2024-06-09,True
9,2024-06-10,False
9,2024-06-11,False
9,2024-06-12,False
9,2024-06-13,False
9,2024-06-14,False
9,2024-06-15,False
9,2024-06-16,True
9,2024-06-17,False
9,2024-06-18,False
9,2024-06-19,False
9,2024-06-20,True
9,2024-06-21,True
9,2024-06-22,True
9,2024-06-23,True
9,2024-06-24,True
9,2024-06-25,True
9,2024-06-26,True
9,2024-06-27,True
9,2024-06-28,True
9,2024-06-29,True
9,2024-06-30,True
10,2024-06-01,True
10,2024-06-02,True
10,2024-06-03,True
10,2024-06-04,True
10,2024-06-05,True
10,2024-06-06,True
10,2024-06-07,True
10,2024-06-08,True
10,2024-06-09,True
10,2024-06-10,True
10,2024-06-11,True
10,2024-06-12,True
10,2024-06-13,True
10,2024-06-14,True
10,2024-06-15,True
10,2024-06-16,True
10,2024-06-17,True
10,2024-06-18,True
10,2024-06-19,True
10,2024-06-20,True
10,2024-06-21,False
10,2024-06-22,False
10,2024-06-23,True
10,2024-06-24,True
10,2024-06-25,True
10,2024-06-26,True
10,2024-06-27,True
10,2024-06-28,True
10,2024-06-29,True
10,2024-06-30,True
11,2024-06-01,True
11,2024-06-02,True
11,2024-06-03,True
11,2024-06-04,True
11,2024-06-05,True
11,2024-06-06,True
11,2024-06-07,False
11,2024-06-08,True
11,2024-06-09,True
11,2024-06-10,True
11,2024-06-11,True
11,2024-06-12,True
11,2024-06-13,True
11,2024-06-14,True
11,2024-06-15,True
11,2024-06-16,True
11,2024-06-17,True
11,2024-06-18,True
11,2024-06-19,True
11,2024-06-20,True
11,2024-06-21,False
11,2024-06-22,False
11,2024-06-23,False
11,2024-06-24,False
11,2024-06-25,False
11,2024-06-26,True
11,2024-06-27,False
11,2024-06-28,True
11,2024-06-29,True
11,2024-06-30,True
12,2024-06-01,True
12,2024-06-02,True
12,2024-06-03,True
12,2024-06-04,True
12,2024-06-05,True
12,2024-06-06,True
12,2024-06-07,True
12,2024-06-08,True
12,2024-06-09,True
12,2024-06-10,True
12,2024-06-11,False
12,2024-06-12,False
12,2024-06-13,False
12,2024-06-14,False
12,2024-06-15,True
12,2024-06-16,False
12,2024-06-17,False
12,2024-06-18,False
12,2024-06-19,False
12,2024-06-20,False
12,2024-06-21,False
12,2024-06-22,False
12,2024-06-23,False
12,2024-06-24,False
12,2024-06-25,False
12,2024-06-26,True
12,2024-06-27,True
12,2024-06-28,False
12,2024-06-29,True
12,2024-06-30,True
13,2024-06-01,True
13,2024-06-02,True
13,2024-06-03,True
13,2024-06-04,True
13,2024-06-05,True
13,2024-06-06,True
13,2024-06-07,True
13,2024-06-08,True
13,2024-06-09,True
13,2024-06-10,True
13,2024-06-11,True
13,2024-06-12,True
13,2024-06-13,True
13,2024-06-14,True
13,2024-06-15,True
13,2024-06-16,True
13,2024-06-17,True
13,2024-06-18,True
13,2024-06-19,True
13,2024-06-20,True
13,2024-06-21,True
13,2024-06-22,True
13,2024-06-23,False
13,2024-06-24,False
13,2024-06-25,False
13,2024-06-26,False
13,2024-06-27,True
13,2024-06-28,True
13,2024-06-29,True
13,2024-06-30,True
14,2024-06-01,True
14,2024-06-02,True
14,2024-06-03,True
14,2024-06-04,False
14,2024-06-05,False
14,2024-06-06,False
14,2024-06-07,False
14,2024-06-08,False
14,2024-06-09,False
14,2024-06-10,False
14,2024-06-11,False
14,2024-06-12,False
14,2024-06-13,True
14,2024-06-14,True
14,2024-06-15,True
14,2024-06-16,True
14,2024-06-17,True
14,2024-06-18,True
14,2024-06-19,True
14,2024-06-20,True
14,2024-06-21,True
14,2024-06-22,False
14,2024-06-23,False
14,2024-06-24,True
14,2024-06-25,True
14,2024-06-26,True
14,2024-06-27,False
14,2024-06-28,False
14,2024-06-29,True
14,2024-06-30,True
15,2024-06-01,False
15,2024-06-02,False
15,2024-06-03,False
15,2024-06-04,False
15,2024-06-05,False
15,2024-06-06,True
15,2024-06-07,True
15,2024-06-08,False
15,2024-06-09,True
15,2024-06-10,True
15,2024-06-11,True
15,2024-06-12,True
15,2024-06-13,False
15,2024-06-14,False
15,2024-06-15,False
15,2024-06-16,False
15,2024-06-17,True
15,2024-06-18,True
15,2024-06-19,True
15,2024-06-20,True
15,2024-06-21,True
15,2024-06-22,True
15,2024-06-23,True
15,2024-06-24,True
15,2024-06-25,True
15,2024-06-26,True
15,2024-06-27,True
15,2024-06-28,True
15,2024-06-29,True
15,2024-06-30,True
16,2024-06-01,True
16,2024-06-02,False
16,2024-06-03,False
16,2024-06-04,True
16,2024-06-05,True
16,2024-06-06,True
16,2024-06-07,True
16,2024-06-08,True
16,2024-06-09,True
16,2024-06-10,True
16,2024-06-11,True
16,2024-06-12,True
16,2024-06-13,False
16,2024-06-14,False
16,2024-06-15,True
16,2024-06-16,True
16,2024-06-17,False
16,2024-06-18,False
16,2024-06-19,False
16,2024-06-20,False
16,2024-06-21,True
16,2024-06-22,True
16,2024-06-23,False
16,2024-06-24,True
16,2024-06-25,False
16,2024-06-26,False
16,2024-06-27,False
16,2024-06-28,True
16,2024-06-29,True
16,2024-06-30,True
17,2024-06-01,True
17,2024-06-02,True
17,2024-06-03,True
17,2024-06-04,True
17,2024-06-05,False
17,2024-06-06,False
17,2024-06-07,False
17,2024-06-08,False
17,2024-06-09,False
17,2024-06-10,True
17,2024-06-11,True
17,2024-06-12,False
17,2024-06-13,False
17,2024-06-14,False
17,2024-06-15,False
17,2024-06-16,False
17,2024-06-17,False
17,2024-06-18,False
17,2024-06-19,False
17,2024-06-20,False
17,2024-06-21,False
17,2024-06-22,False
17,2024-06-23,False
17,2024-06-24,True
17,2024-06-25,True
17,2024-06-26,True
17,2024-06-27,True
17,2024-06-28,True
17,2024-06-29,True
17,2024-06-30,True
18,2024-06-01,True
18,2024-06-02,True
18,2024-06-03,True
18,2024-06-04,True
18,2024-06-05,False
18,2024-06-06,False
18,2024-06-07,False
18,2024-06-08,True
18,2024-06-09,True
18,2024-06-10,True
18,2024-06-11,False
18,2024-06-12,False
18,2024-06-13,False
18,2024-06-14,True
18,2024-06-15,True
18,2024-06-16,True
18,2024-06-17,False
18,2024-06-18,False
18,2024-06-19,False
18,2024-06-20,False
18,2024-06-21,False
18,2024-06-22,False
18,2024-06-23,False
18,2024-06-24,False
18,2024-06-25,False
18,2024-06-26,False
18,2024-06-27,False
18,2024-06-28,False
18,2024-06-29,True
18,2024-06-30,True
19,2024-06-01,False
19,2024-06-02,False
19,2024-06-03,False
19,2024-06-04,False
19,2024-06-05,True
19,2024-06-06,True
19,2024-06-07,True
19,2024-06-08,True
19,2024-06-09,True
19,2024-06-10,True
19,2024-06-11,True
19,2024-06-12,True
19,2024-06-13,True
19,2024-06-14,True
19,2024-06-15,True
19,2024-06-16,True
19,2024-06-17,True
19,2024-06-18,True
19,2024-06-19,True
19,2024-06-20,True
19,2024-06-21,True
19,2024-06-22,True
19,2024-06-23,False
19,2024-06-24,True
19,2024-06-25,True
19,2024-06-26,True
19,2024-06-27,True
19,2024-06-28,True
19,2024-06-29,True
19,2024-06-30,True
20,2024-06-01,True
20,2024-06-02,True
20,2024-06-03,False
20,2024-06-04,False
20,2024-06-05,False
20,2024-06-06,False
20,2024-06-07,True
20,2024-06-08,True
20,2024-06-09,True
20,2024-06-10,False
20,2024-06-11,False
20,2024-06-12,False
20,2024-06-13,False
20,2024-06-14,False
20,2024-06-15,False
20,2024-06-16,False
20,2024-06-17,True
20,2024-06-18,True
20,2024-06-19,True
20,2024-06-20,True
20,2024-06-21,True
20,2024-06-22,True
20,2024-06-23,True
20,2024-06-24,True
20,2024-06-25,True
20,2024-06-26,False
20,2024-06-27,False
20,2024-06-28,False
20,2024-06-29,True
20,2024-06-30,True
21,2024-06-01,True
21,2024-06-02,True
21,2024-06-03,True
21,2024-06-04,True
21,2024-06-05,True
21,2024-06-06,True
21,2024-06-07,True
21,2024-06-08,True
21,2024-06-09,True
21,2024-06-10,True
21,2024-06-11,False
21,2024-06-12,True
21,2024-06-13,True
21,2024-06-14,True
21,2024-06-15,True
21,2024-06-16,True
21,2024-06-17,True
21,2024-06-18,True
21,2024-06-19,False
21,2024-06-20,False
21,2024-06-21,False
21,2024-06-22,False
21,2024-06-23,False
21,2024-06-24,True
21,2024-06-25,True
21,2024-06-26,True
21,2024-06-27,True
21,2024-06-28,True
21,2024-06-29,True
21,2024-06-30,True
22,2024-06-01,True
22,2024-06-02,True
22,2024-06-03,True
22,2024-06-04,False
22,2024-06-05,True
22,2024-06-06,True
22,2024-06-07,True
22,2024-06-08,True
22,2024-06-09,False
22,2024-06-10,False
22,2024-06-11,False
22,2024-06-12,False
22,2024-06-13,False
22,2024-06-14,True
22,2024-06-15,True
22,2024-06-16,True
22,2024-06-17,True
22,2024-06-18,True
22,2024-06-19,True
22,2024-06-20,True
22,2024-06-21,False
22,2024-06-22,False
22,2024-06-23,False
22,2024-06-24,False
22,2024-06-25,False
22,2024-06-26,False
22,2024-06-27,True
22,2024-06-28,True
22,2024-06-29,True
22,2024-06-30,True
23,2024-06-01,False
23,2024-06-02,False
23,2024-06-03,True
23,2024-06-04,True
23,2024-06-05,False
23,2024-06-06,True
23,2024-06-07,False
23,2024-06-08,False
23,2024-06-09,False
23,2024-06-10,False
23,2024-06-11,False
23,2024-06-12,True
23,2024-06-13,True
23,2024-06-14,True
23,2024-06-15,True
23,2024-06-16,False
23,2024-06-17,False
23,2024-06-18,False
23,2024-06-19,False
23,2024-06-20,False
23,2024-06-21,True
23,2024-06-22,False
23,2024-06-23,False
23,2024-06-24,False
23,2024-06-25,False
23,2024-06-26,True
23,2024-06-27,False
23,2024-06-28,True
23,2024-06-29,True
23,2024-06-30,True
24,2024-06-01,True
24,2024-06-02,True
24,2024-06-03,True
24,2024-06-04,True
24,2024-06-05,True
24,2024-06-06,True
24,2024-06-07,False
24,2024-06-08,False
24,2024-06-09,False
24,2024-06-10,False
24,2024-06-11,False
24,2024-06-12,False
24,2024-06-13,False
24,2024-06-14,False
24,2024-06-15,False
24,2024-06-16,False
24,2024-06-17,False
24,2024-06-18,False
24,2024-06-19,False
24,2024-06-20,True
24,2024-06-21,True
24,2024-06-22,True
24,2024-06-23,True
24,2024-06-24,True
24,2024-06-25,True
24,2024-06-26,True
24,2024-06-27,True
24,2024-06-28,True
24,2024-06-29,True
24,2024-06-30,True
25,2024-06-01,False
25,2024-06-02,False
25,2024-06-03,True
25,2024-06-04,True
25,2024-06-05,True
25,2024-06-06,False
25,2024-06-07,True
25,2024-06-08,True
25,2024-06-09,False
25,2024-06-10,False
25,2024-06-11,False
25,2024-06-12,False
25,2024-06-13,False
25,2024-06-14,False
25,2024-06-15,False
25,2024-06-16,True
25,2024-06-17,True
25,2024-06-18,True
25,2024-06-19,True
25,2024-06-20,True
25,2024-06-21,False
25,2024-06-22,False
25,2024-06-23,False
25,2024-06-24,False
25,2024-06-25,False
25,2024-06-26,False
25,2024-06-27,True
25,2024-06-28,True
25,2024-06-29,True
25,2024-06-30,True
26,2024-06-01,True
26,2024-06-02,False
26,2024-06-03,False
26,2024-06-04,False
26,2024-06-05,False
26,2024-06-06,False
26,2024-06-07,False
26,2024-06-08,True
26,2024-06-09,True
26,2024-06-10,True
26,2024-06-11,True
26,2024-06-12,True
26,2024-06-13,True
26,2024-06-14,True
26,2024-06-15,True
26,2024-06-16,True
26,2024-06-17,True
26,2024-06-18,True
26,2024-06-19,True
26,2024-06-20,True
26,2024-06-21,True
26,2024-06-22,True
26,2024-06-23,True
26,2024-06-24,True
26,2024-06-25,False
26,2024-06-26,False
26,2024-06-27,False
26,2024-06-28,False
26,2024-06-29,True
26,2024-06-30,True
27,2024-06-01,True
27,2024-06-02,True
27,2024-06-03,False
27,2024-06-04,False
27,2024-06-05,True
27,2024-06-06,True
27,2024-06-07,True
27,2024-06-08,True
27,2024-06-09,False
27,2024-06-10,False
27,2024-06-11,False
27,2024-06-12,False
27,2024-06-13,False
27,2024-06-14,False
27,2024-06-15,False
27,2024-06-16,False
27,2024-06-17,False
27,2024-06-18,True
27,2024-06-19,True
27,2024-06-20,True
27,2024-06-21,True
27,2024-06-22,True
27,2024-06-23,True
27,2024-06-24,True
27,2024-06-25,True
27,2024-06-26,True
27,2024-06-27,True
27,2024-06-28,False
27,2024-06-29,True
27,2024-06-30,True
28,2024-06-01,True
28,2024-06-02,False
28,2024-06-03,False
28,2024-06-04,False
28,2024-06-05,False
28,2024-06-06,False
28,2024-06-07,False
28,2024-06-08,False
28,2024-06-09,True
28,2024-06-10,True
28,2024-06-11,True
28,2024-06-12,False
28,2024-06-13,False
28,2024-06-14,False
28,2024-06-15,False
28,2024-06-16,False
28,2024-06-17,True
28,2024-06-18,True
28,2024-06-19,True
28,2024-06-20,True
28,2024-06-21,True
28,2024-06-22,True
28,2024-06-23,False
28,2024-06-24,False
28,2024-06-25,False
28,2024-06-26,False
28,2024-06-27,False
28,2024-06-28,False
28,2024-06-29,True
28,2024-06-30,True
29,2024-06-01,True
29,2024-06-02,True
29,2024-06-03,True
29,2024-06-04,False
29,2024-06-05,False
29,2024-06-06,False
29,2024-06-07,False
29,2024-06-08,False
29,2024-06-09,True
29,2024-06-10,True
29,2024-06-11,True
29,2024-06-12,True
29,2024-06-13,False
29,2024-06-14,True
29,2024-06-15,True
29,2024-06-16,True
29,2024-06-17,True
29,2024-06-18,True
29,2024-06-19,True
29,2024-06-20,True
29,2024-06-21,True
29,2024-06-22,True
29,2024-06-23,True
29,2024-06-24,True
29,2024-06-25,True
29,2024-06-26,False
29,2024-06-27,True
29,2024-06-28,True
29,2024-06-29,True
29,2024-06-30,True
30,2024-06-01,True
30,2024-06-02,True
30,2024-06-03,True
30,2024-06-04,False
30,2024-06-05,False
30,2024-06-06,True
30,2024-06-07,True
30,2024-06-08,True
30,2024-06-09,True
30,2024-06-10,False
30,2024-06-11,False
30,2024-06-12,False
30,2024-06-13,False
30,2024-06-14,False
30,2024-06-15,True
30,2024-06-16,False
30,2024-06-17,False
30,2024-06-18,True
30,2024-06-19,True
30,2024-06-20,True
30,2024-06-21,False
30,2024-06-22,False
30,2024-06-23,False
30,2024-06-24,False
30,2024-06-25,False
30,2024-06-26,False
30,2024-06-27,True
30,2024-06-28,True
30,2024-06-29,True
30,2024-06-30,True
31,2024-06-01,True
31,2024-06-02,True
31,2024-06-03,True
31,2024-06-04,True
31,2024-06-05,True
31,2024-06-06,True
31,2024-06-07,True
31,2024-06-08,True
31,2024-06-09,True
31,2024-06-10,True
31,2024-06-11,True
31,2024-06-12,True
31,2024-06-13,True
31,2024-06-14,True
31,2024-06-15,True
31,2024-06-16,True
31,2024-06-17,True
31,2024-06-18,False
31,2024-06-19,True
31,2024-06-20,True
31,2024-06-21,True
31,2024-06-22,True
31,2024-06-23,True
31,2024-06-24,True
31,2024-06-25,True
31,2024-06-26,True
31,2024-06-27,True
31,2024-06-28,True
31,2024-06-29,True
31,2024-06-30,True
32,2024-06-01,True
32,2024-06-02,True
32,2024-06-03,False
32,2024-06-04,True
32,2024-06-05,True
32,2024-06-06,True
32,2024-06-07,True
32,2024-06-08,True
32,2024-06-09,True
32,2024-06-10,False
32,2024-06-11,False
32,2024-06-12,False
32,2024-06-13,False
32,2024-06-14,True
32,2024-06-15,True
32,2024-06-16,False
32,2024-06-17,False
32,2024-06-18,False
32,2024-06-19,False
32,2024-06-20,False
32,2024-06-21,False
32,2024-06-22,False
32,2024-06-23,False
32,2024-06-24,False
32,2024-06-25,False
32,2024-06-26,False
32,2024-06-27,True
32,2024-06-28,True
32,2024-06-29,True
32,2024-06-30,True
33,2024-06-01,True
33,2024-06-02,False
33,2024-06-03,False
33,2024-06-04,False
33,2024-06-05,True
33,2024-06-06,True
33,2024-06-07,True
33,2024-06-08,True
33,2024-06-09,True
33,2024-06-10,True
33,2024-06-11,True
33,2024-06-12,True
33,2024-06-13,True
33,2024-06-14,False
33,2024-06-15,False
33,2024-06-16,False
33,2024-06-17,False
33,2024-06-18,False
33,2024-06-19,False
33,2024-06-20,True
33,2024-06-21,True
33,2024-06-22,True
33,2024-06-23,True
33,2024-06-24,True
33,2024-06-25,True
33,2024-06-26,True
33,2024-06-27,False
33,2024-06-28,True
33,2024-06-29,True
33,2024-06-30,True
34,2024-06-01,True
34,2024-06-02,True
34,2024-06-03,True
34,2024-06-04,True
34,2024-06-05,True
34,2024-06-06,True
34,2024-06-07,True
34,2024-06-08,True
34,2024-06-09,True
34,2024-06-10,True
34,2024-06-11,True
34,2024-06-12,True
34,2024-06-13,True
34,2024-06-14,True
34,2024-06-15,True
34,2024-06-16,True
34,2024-06-17,True
34,2024-06-18,True
34,2024-06-19,True
34,2024-06-20,False
34,2024-06-21,False
34,2024-06-22,False
34,2024-06-23,True
34,2024-06-24,True
34,2024-06-25,True
34,2024-06-26,True
34,2024-06-27,True
34,2024-06-28,False
34,2024-06-29,True
34,2024-06-30,True
35,2024-06-01,False
35,2024-06-02,False
35,2024-06-03,False
35,2024-06-04,False
35,2024-06-05,False
35,2024-06-06,False
35,2024-06-07,True
35,2024-06-08,True
35,2024-06-09,True
35,2024-06-10,True
35,2024-06-11,True
35,2024-06-12,True
35,2024-06-13,True
35,2024-06-14,True
35,2024-06-15,True
35,2024-06-16,True
35,2024-06-17,True
35,2024-06-18,True
35,2024-06-19,True
35,2024-06-20,True
35,2024-06-21,True
35,2024-06-22,True
35,2024-06-23,True
35,2024-06-24,True
35,2024-06-25,True
35,2024-06-26,True
35,2024-06-27,True
35,2024-06-28,True
35,2024-06-29,True
35,2024-06-30,True
36,2024-06-01,True
36,2024-06-02,True
36,2024-06-03,True
36,2024-06-04,True
36,2024-06-05,True
36,2024-06-06,True
36,2024-06-07,True
36,2024-06-08,True
36,2024-06-09,True
36,2024-06-10,True
36,2024-06-11,True
36,2024-06-12,True
36,2024-06-13,True
36,2024-06-14,False
36,2024-06-15,False
36,2024-06-16,False
36,2024-06-17,False
36,2024-06-18,False
36,2024-06-19,False
36,2024-06-20,True
36,2024-06-21,False
36,2024-06-22,False
36,2024-06-23,False
36,2024-06-24,False
36,2024-06-25,False
36,2024-06-26,False
36,2024-06-27,False
36,2024-06-28,True
36,2024-06-29,True
36,2024-06-30,True
37,2024-06-01,True
37,2024-06-02,True
37,2024-06-03,False
37,2024-06-04,False
37,2024-06-05,False
37,2024-06-06,True
37,2024-06-07,True
37,2024-06-08,True
37,2024-06-09,True
37,2024-06-10,True
37,2024-06-11,True
37,2024-06-12,False
37,2024-06-13,False
37,2024-06-14,False
37,2024-06-15,False
37,2024-06-16,False
37,2024-06-17,False
37,2024-06-18,False
37,2024-06-19,False
37,2024-06-20,False
37,2024-06-21,True
37,2024-06-22,True
37,2024-06-23,True
37,2024-06-24,True
37,2024-06-25,False
37,2024-06-26,False
37,2024-06-27,True
37,2024-06-28,True
37,2024-06-29,True
37,2024-06-30,True
38,2024-06-01,True
38,2024-06-02,False
38,2024-06-03,False
38,2024-06-04,False
38,2024-06-05,True
38,2024-06-06,True
38,2024-06-07,True
38,2024-06-08,False
38,2024-06-09,False
38,2024-06-10,False
38,2024-06-11,False
38,2024-06-12,False
38,2024-06-13,False
38,2024-06-14,False
38,2024-06-15,False
38,2024-06-16,True
38,2024-06-17,True
38,2024-06-18,True
38,2024-06-19,True
38,2024-06-20,True
38,2024-06-21,True
38,2024-06-22,True
38,2024-06-23,True
38,2024-06-24,False
38,2024-06-25,True
38,2024-06-26,True
38,2024-06-27,True
38,2024-06-28,True
38,2024-06-29,True
38,2024-06-30,True
39,2024-06-01,True
39,2024-06-02,True
39,2024-06-03,False
39,2024-06-04,False
39,2024-06-05,False
39,2024-06-06,True
39,2024-06-07,True
39,2024-06-08,True
39,2024-06-09,True
39,2024-06-10,True
39,2024-06-11,True
39,2024-06-12,True
39,2024-06-13,True
39,2024-06-14,True
39,2024-06-15,True
39,2024-06-16,True
39,2024-06-17,True
39,2024-06-18,True
39,2024-06-19,True
39,2024-06-20,True
39,2024-06-21,True
39,2024-06-22,True
39,2024-06-23,True
39,2024-06-24,True
39,2024-06-25,True
39,2024-06-26,True
39,2024-06-27,True
39,2024-06-28,False
39,2024-06-29,True
39,2024-06-30,True
40,2024-06-01,True
40,2024-06-02,True
40,2024-06-03,True
40,2024-06-04,True
40,2024-06-05,True
40,2024-06-06,True
40,2024-06-07,True
40,2024-06-08,True
40,2024-06-09,True
40,2024-06-10,False
40,2024-06-11,False
40,2024-06-12,False
40,2024-06-13,False
40,2024-06-14,True
40,2024-06-15,True
40,2024-06-16,True
40,2024-06-17,True
40,2024-06-18,True
40,2024-06-19,True
40,2024-06-20,True
40,2024-06-21,True
40,2024-06-22,True
40,2024-06-23,False
40,2024-06-24,False
40,2024-06-25,True
40,2024-06-26,True
40,2024-06-27,False
40,2024-06-28,False
40,2024-06-29,True
40,2024-06-30,True
41,2024-06-01,True
41,2024-06-02,True
41,2024-06-03,True
41,2024-06-04,True
41,2024-06-05,True
41,2024-06-06,False
41,2024-06-07,False
41,2024-06-08,False
41,2024-06-09,False
41,2024-06-10,False
41,2024-06-11,False
41,2024-06-12,True
41,2024-06-13,True
41,2024-06-14,True
41,2024-06-15,True
41,2024-06-16,True
41,2024-06-17,True
41,2024-06-18,False
41,2024-06-19,False
41,2024-06-20,False
41,2024-06-21,False
41,2024-06-22,False
41,2024-06-23,False
41,2024-06-24,False
41,2024-06-25,False
41,2024-06-26,False
41,2024-06-27,False
41,2024-06-28,True
41,2024-06-29,True
41,2024-06-30,True
42,2024-06-01,True
42,2024-06-02,True
42,2024-06-03,True
42,2024-06-04,True
42,2024-06-05,False
42,2024-06-06,False
42,2024-06-07,True
42,2024-06-08,True
42,2024-06-09,True
42,2024-06-10,True
42,2024-06-11,True
42,2024-06-12,True
42,2024-06-13,False
42,2024-06-14,False
42,2024-06-15,False
42,2024-06-16,True
42,2024-06-17,True
42,2024-06-18,False
42,2024-06-19,False
42,2024-06-20,False
42,2024-06-21,False
42,2024-06-22,False
42,2024-06-23,False
42,2024-06-24,False
42,2024-06-25,True
42,2024-06-26,True
42,2024-06-27,True
42,2024-06-28,True
42,2024-06-29,True
42,2024-06-30,True
43,2024-06-01,True
43,2024-06-02,True
43,2024-06-03,True
43,2024-06-04,True
43,2024-06-05,True
43,2024-06-06,True
43,2024-06-07,True
43,2024-06-08,False
43,2024-06-09,False
43,2024-06-10,False
43,2024-06-11,False
43,2024-06-12,False
43,2024-06-13,False
43,2024-06-14,True
43,2024-06-15,True
43,2024-06-16,True
43,2024-06-17,True
43,2024-06-18,True
43,2024-06-19,True
43,2024-06-20,True
43,2024-06-21,True
43,2024-06-22,True
43,2024-06-23,True
43,2024-06-24,True
43,2024-06-25,True
43,2024-06-26,True
43,2024-06-27,True
43,2024-06-28,True
43,2024-06-29,True
43,2024-06-30,True
44,2024-06-01,False
44,2024-06-02,False
44,2024-06-03,False
44,2024-06-04,False
44,2024-06-05,False
44,2024-06-06,False
44,2024-06-07,False
44,2024-06-08,False
44,2024-06-09,True
44,2024-06-10,True
44,2024-06-11,True
44,2024-06-12,True
44,2024-06-13,True
44,2024-06-14,True
44,2024-06-15,True
44,2024-06-16,True
44,2024-06-17,True
44,2024-06-18,True
44,2024-06-19,True
44,2024-06-20,True
44,2024-06-21,True
44,2024-06-22,True
44,2024-06-23,True
44,2024-06-24,True
44,2024-06-25,True
44,2024-06-26,True
44,2024-06-27,True
44,2024-06-28,True
44,2024-06-29,True
44,2024-06-30,True
45,2024-06-01,False
45,2024-06-02,False
45,2024-06-03,False
45,2024-06-04,False
45,2024-06-05,False
45,2024-06-06,True
45,2024-06-07,True
45,2024-06-08,True
45,2024-06-09,True
45,2024-06-10,True
45,2024-06-11,True
45,2024-06-12,True
45,2024-06-13,True
45,2024-06-14,True
45,2024-06-15,True
45,2024-06-16,True
45,2024-06-17,True
45,2024-06-18,True
45,2024-06-19,True
45,2024-06-20,True
45,2024-06-21,False
45,2024-06-22,False
45,2024-06-23,False
45,2024-06-24,False
45,2024-06-25,False
45,2024-06-26,False
45,2024-06-27,True
45,2024-06-28,True
45,2024-06-29,True
45,2024-06-30,True
46,2024-06-01,True
46,2024-06-02,True
46,2024-06-03,True
46,2024-06-04,True
46,2024-06-05,True
46,2024-06-06,True
46,2024-06-07,True
46,2024-06-08,False
46,2024-06-09,False
46,2024-06-10,False
46,2024-06-11,False
46,2024-06-12,False
46,2024-06-13,False
46,2024-06-14,False
46,2024-06-15,True
46,2024-06-16,True
46,2024-06-17,False
46,2024-06-18,False
46,2024-06-19,False
46,2024-06-20,False
46,2024-06-21,True
46,2024-06-22,False
46,2024-06-23,True
46,2024-06-24,True
46,2024-06-25,True
46,2024-06-26,True
46,2024-06-27,True
46,2024-06-28,True
46,2024-06-29,True
46,2024-06-30,True
47,2024-06-01,True
47,2024-06-02,True
47,2024-06-03,True
47,2024-06-04,True
47,2024-06-05,True
47,2024-06-06,True
47,2024-06-07,True
47,2024-06-08,True
47,2024-06-09,True
47,2024-06-10,True
47,2024-06-11,True
47,2024-06-12,True
47,2024-06-13,True
47,2024-06-14,True
47,2024-06-15,True
47,2024-06-16,False
47,2024-06-17,False
47,2024-06-18,False
47,2024-06-19,False
47,2024-06-20,False
47,2024-06-21,False
47,2024-06-22,True
47,2024-06-23,True
47,2024-06-24,True
47,2024-06-25,False
47,2024-06-26,False
47,2024-06-27,False
47,2024-06-28,False
47,2024-06-29,True
47,2024-06-30,True
48,2024-06-01,True
48,2024-06-02,True
48,2024-06-03,True
48,2024-06-04,True
48,2024-06-05,True
48,2024-06-06,True
48,2024-06-07,True
48,2024-06-08,True
48,2024-06-09,True
48,2024-06-10,False
48,2024-06-11,False
48,2024-06-12,False
48,2024-06-13,False
48,2024-06-14,True
48,2024-06-15,True
48,2024-06-16,True
48,2024-06-17,True
48,2024-06-18,True
48,2024-06-19,True
48,2024-06-20,True
48,2024-06-21,True
48,2024-06-22,True
48,2024-06-23,True
48,2024-06-24,True
48,2024-06-25,False
48,2024-06-26,False
48,2024-06-27,True
48,2024-06-28,True
48,2024-06-29,True
48,2024-06-30,True
49,2024-06-01,True
49,2024-06-02,True
49,2024-06-03,True
49,2024-06-04,True
49,2024-06-05,True
49,2024-06-06,False
49,2024-06-07,False
49,2024-06-08,False
49,2024-06-09,False
49,2024-06-10,False
49,2024-06-11,False
49,2024-06-12,False
49,2024-06-13,False
49,2024-06-14,True
49,2024-06-15,True
49,2024-06-16,True
49,2024-06-17,True
49,2024-06-18,False
49,2024-06-19,False
49,2024-06-20,False
49,2024-06-21,False
49,2024-06-22,True
49,2024-06-23,False
49,2024-06-24,False
49,2024-06-25,True
49,2024-06-26,True
49,2024-06-27,True
49,2024-06-28,False
49,2024-06-29,True
49,2024-06-30,True
50,2024-06-01,False
50,2024-06-02,False
50,2024-06-03,False
50,2024-06-04,False
50,2024-06-05,False
50,2024-06-06,True
50,2024-06-07,True
50,2024-06-08,True
50,2024-06-09,True
50,2024-06-10,True
50,2024-06-11,True
50,2024-06-12,True
50,2024-06-13,True
50,2024-06-14,True
50,2024-06-15,False
50,2024-06-16,False
50,2024-06-17,False
50,2024-06-18,False
50,2024-06-19,True
50,2024-06-20,True
50,2024-06-21,True
50,2024-06-22,True
50,2024-06-23,True
50,2024-06-24,True
50,2024-06-25,True
50,2024-06-26,True
50,2024-06-27,True
50,2024-06-28,False
50,2024-06-29,True
50,2024-06-30,True
