BookingID,GuestID,AccommodationID,CheckInDate,CheckOutDate,TotalAmount,BookingStatus,DiscountApplied,PaymentStatus,CreatedAt,UpdatedAt
1,121,3,2024-06-10,2024-06-11,133.77,cancelled,0.91,unpaid,2024-12-19 17:15:56.223767,2024-12-19 17:15:56.223784
2,121,10,2024-06-21,2024-06-23,280.56,confirmed,0.0,failed,2024-12-19 17:15:56.223973,2024-12-19 17:15:56.223975
3,122,25,2024-06-01,2024-06-03,104.98,confirmed,15.5,failed,2024-12-19 17:15:56.224170,2024-12-19 17:15:56.224172
4,122,12,2024-06-20,2024-06-26,2188.86,confirmed,0.0,paid,2024-12-19 17:15:56.224321,2024-12-19 17:15:56.224323
5,124,13,2024-06-23,2024-06-27,1464.5,confirmed,18.17,unpaid,2024-12-19 17:15:56.224512,2024-12-19 17:15:56.224514
6,125,22,2024-06-09,2024-06-14,2019.95,confirmed,0.99,failed,2024-12-19 17:15:56.224683,2024-12-19 17:15:56.224685
7,126,27,2024-06-28,2024-06-29,357.42,cancelled,0.0,failed,2024-12-19 17:15:56.224844,2024-12-19 17:15:56.224846
8,126,25,2024-06-06,2024-06-07,54.3,confirmed,12.59,failed,2024-12-19 17:15:56.224989,2024-12-19 17:15:56.224990
9,127,46,2024-06-10,2024-06-15,1699.84,confirmed,4.8,paid,2024-12-19 17:15:56.225149,2024-12-19 17:15:56.225150
10,128,8,2024-06-03,2024-06-09,2817.6,confirmed,0.0,unpaid,2024-12-19 17:15:56.225306,2024-12-19 17:15:56.225307
11,128,41,2024-06-19,2024-06-22,1272.96,confirmed,10.96,paid,2024-12-19 17:15:56.225445,2024-12-19 17:15:56.225446
12,129,28,2024-06-25,2024-06-29,1367.32,pending,0.0,paid,2024-12-19 17:15:56.225605,2024-12-19 17:15:56.225606
13,130,16,2024-06-25,2024-06-27,660.44,confirmed,3.51,unpaid,2024-12-19 17:15:56.225761,2024-12-19 17:15:56.225763
14,130,42,2024-06-20,2024-06-25,2405.4,confirmed,0.0,paid,2024-12-19 17:15:56.225897,2024-12-19 17:15:56.225898
15,131,46,2024-06-22,2024-06-23,314.79,confirmed,11.85,paid,2024-12-19 17:15:56.226179,2024-12-19 17:15:56.226181
16,132,50,2024-06-15,2024-06-19,1632.2,confirmed,2.91,paid,2024-12-19 17:15:56.226585,2024-12-19 17:15:56.226587
17,132,42,2024-06-13,2024-06-16,1443.24,confirmed,0.0,unpaid,2024-12-19 17:15:56.226720,2024-12-19 17:15:56.226722
18,133,27,2024-06-13,2024-06-17,1335.61,confirmed,6.58,unpaid,2024-12-19 17:15:56.226879,2024-12-19 17:15:56.226881
19,133,35,2024-06-08,2024-06-09,160.6,cancelled,14.08,unpaid,2024-12-19 17:15:56.227014,2024-12-19 17:15:56.227015
20,134,25,2024-06-09,2024-06-14,289.88,confirmed,6.67,failed,2024-12-19 17:15:56.227169,2024-12-19 17:15:56.227171
21,135,30,2024-06-16,2024-06-18,277.02,confirmed,19.24,unpaid,2024-12-19 17:15:56.227326,2024-12-19 17:15:56.227328
22,136,24,2024-06-25,2024-06-28,1260.37,cancelled,7.03,unpaid,2024-12-19 17:15:56.227483,2024-12-19 17:15:56.227485
23,136,9,2024-06-13,2024-06-16,1367.67,confirmed,0.0,failed,2024-12-19 17:15:56.227615,2024-12-19 17:15:56.227617
24,137,38,2024-06-22,2024-06-24,633.84,pending,8.51,failed,2024-12-19 17:15:56.227771,2024-12-19 17:15:56.227773
25,137,9,2024-06-25,2024-06-26,454.11,cancelled,0.39,failed,2024-12-19 17:15:56.227909,2024-12-19 17:15:56.227910
26,138,9,2024-06-10,2024-06-13,1110.82,confirmed,18.78,paid,2024-12-19 17:15:56.228189,2024-12-19 17:15:56.228191
27,140,1,2024-06-11,2024-06-12,311.49,confirmed,18.23,paid,2024-12-19 17:15:56.228363,2024-12-19 17:15:56.228365
28,141,16,2024-06-26,2024-06-28,573.24,confirmed,16.25,unpaid,2024-12-19 17:15:56.228644,2024-12-19 17:15:56.228646
29,142,38,2024-06-03,2024-06-06,987.76,pending,4.95,paid,2024-12-19 17:15:56.228798,2024-12-19 17:15:56.228800
30,143,4,2024-06-15,2024-06-18,296.4,cancelled,0.0,paid,2024-12-19 17:15:56.228951,2024-12-19 17:15:56.228953
31,143,17,2024-06-20,2024-06-24,446.42,confirmed,2.52,failed,2024-12-19 17:15:56.229084,2024-12-19 17:15:56.229086
32,144,5,2024-06-19,2024-06-25,2454.84,confirmed,0.0,unpaid,2024-12-19 17:15:56.229234,2024-12-19 17:15:56.229235
33,146,9,2024-06-03,2024-06-06,1148.98,confirmed,15.99,paid,2024-12-19 17:15:56.229402,2024-12-19 17:15:56.229403
34,148,12,2024-06-16,2024-06-18,625.21,confirmed,14.31,failed,2024-12-19 17:15:56.229570,2024-12-19 17:15:56.229572
35,149,2,2024-06-07,2024-06-10,169.49,pending,8.52,unpaid,2024-12-19 17:15:56.229720,2024-12-19 17:15:56.229722
36,149,23,2024-06-05,2024-06-06,265.54,confirmed,6.78,unpaid,2024-12-19 17:15:56.229855,2024-12-19 17:15:56.229857
37,149,33,2024-06-02,2024-06-05,1045.34,confirmed,17.57,paid,2024-12-19 17:15:56.229989,2024-12-19 17:15:56.229991
38,150,37,2024-06-12,2024-06-16,1382.86,confirmed,15.96,paid,2024-12-19 17:15:56.230141,2024-12-19 17:15:56.230142
39,150,32,2024-06-23,2024-06-24,80.58,cancelled,0.0,paid,2024-12-19 17:15:56.230275,2024-12-19 17:15:56.230277
40,151,5,2024-06-08,2024-06-14,2454.84,cancelled,0.0,unpaid,2024-12-19 17:15:56.230430,2024-12-19 17:15:56.230431
41,151,37,2024-06-03,2024-06-06,1159.94,confirmed,6.01,paid,2024-12-19 17:15:56.230562,2024-12-19 17:15:56.230563
42,151,31,2024-06-18,2024-06-19,397.46,confirmed,19.87,paid,2024-12-19 17:15:56.230696,2024-12-19 17:15:56.230698
43,152,41,2024-06-05,2024-06-07,868.46,cancelled,8.88,failed,2024-12-19 17:15:56.230851,2024-12-19 17:15:56.230853
44,153,4,2024-06-20,2024-06-24,394.69,confirmed,0.13,unpaid,2024-12-19 17:15:56.231001,2024-12-19 17:15:56.231003
45,153,47,2024-06-16,2024-06-17,264.22,confirmed,10.59,paid,2024-12-19 17:15:56.231133,2024-12-19 17:15:56.231135
46,153,15,2024-06-04,2024-06-05,96.48,confirmed,0.0,failed,2024-12-19 17:15:56.231269,2024-12-19 17:15:56.231270
47,158,14,2024-06-22,2024-06-24,435.06,confirmed,16.47,paid,2024-12-19 17:15:56.231473,2024-12-19 17:15:56.231475
48,158,19,2024-06-06,2024-06-08,296.74,cancelled,0.0,paid,2024-12-19 17:15:56.231607,2024-12-19 17:15:56.231609
49,159,45,2024-06-22,2024-06-27,1546.3,confirmed,0.0,paid,2024-12-19 17:15:56.231761,2024-12-19 17:15:56.231763
50,160,23,2024-06-27,2024-06-28,275.11,confirmed,3.42,failed,2024-12-19 17:15:56.231916,2024-12-19 17:15:56.231917
51,163,19,2024-06-01,2024-06-05,585.29,confirmed,1.38,failed,2024-12-19 17:15:56.232229,2024-12-19 17:15:56.232230
52,163,17,2024-06-05,2024-06-10,469.98,confirmed,17.9,unpaid,2024-12-19 17:15:56.232487,2024-12-19 17:15:56.232489
53,164,41,2024-06-06,2024-06-07,396.63,confirmed,16.77,paid,2024-12-19 17:15:56.232640,2024-12-19 17:15:56.232641
54,165,18,2024-06-17,2024-06-23,391.52,confirmed,3.77,paid,2024-12-19 17:15:56.232795,2024-12-19 17:15:56.232796
55,165,2,2024-06-19,2024-06-22,148.61,confirmed,19.79,failed,2024-12-19 17:15:56.232933,2024-12-19 17:15:56.232935
56,166,47,2024-06-25,2024-06-29,1182.04,confirmed,0.0,failed,2024-12-19 17:15:56.233086,2024-12-19 17:15:56.233088
57,167,11,2024-06-04,2024-06-05,431.2,cancelled,10.7,unpaid,2024-12-19 17:15:56.233240,2024-12-19 17:15:56.233241
58,167,17,2024-06-27,2024-06-28,114.49,pending,0.0,paid,2024-12-19 17:15:56.233375,2024-12-19 17:15:56.233377
59,168,7,2024-06-14,2024-06-16,314.31,confirmed,14.73,unpaid,2024-12-19 17:15:56.233530,2024-12-19 17:15:56.233532
60,168,47,2024-06-17,2024-06-22,1325.81,confirmed,10.27,unpaid,2024-12-19 17:15:56.233664,2024-12-19 17:15:56.233666
61,170,18,2024-06-17,2024-06-21,217.18,pending,19.93,failed,2024-12-19 17:15:56.233960,2024-12-19 17:15:56.233961
62,171,41,2024-06-21,2024-06-26,2361.78,confirmed,0.88,failed,2024-12-19 17:15:56.234115,2024-12-19 17:15:56.234116
63,172,18,2024-06-13,2024-06-18,314.16,cancelled,7.34,unpaid,2024-12-19 17:15:56.234268,2024-12-19 17:15:56.234269
64,172,38,2024-06-08,2024-06-12,1311.05,confirmed,5.38,unpaid,2024-12-19 17:15:56.234402,2024-12-19 17:15:56.234403
65,173,48,2024-06-25,2024-06-29,1613.92,cancelled,0.0,paid,2024-12-19 17:15:56.234557,2024-12-19 17:15:56.234559
66,173,49,2024-06-08,2024-06-14,466.8,confirmed,0.0,unpaid,2024-12-19 17:15:56.234692,2024-12-19 17:15:56.234693
67,174,37,2024-06-25,2024-06-27,792.71,confirmed,3.65,paid,2024-12-19 17:15:56.234841,2024-12-19 17:15:56.234843
68,174,4,2024-06-05,2024-06-08,290.21,confirmed,2.09,failed,2024-12-19 17:15:56.235101,2024-12-19 17:15:56.235103
69,175,3,2024-06-17,2024-06-22,649.42,pending,3.79,unpaid,2024-12-19 17:15:56.235252,2024-12-19 17:15:56.235253
70,176,14,2024-06-19,2024-06-24,1139.6,pending,12.48,failed,2024-12-19 17:15:56.235404,2024-12-19 17:15:56.235405
71,177,21,2024-06-12,2024-06-13,274.92,pending,0.0,failed,2024-12-19 17:15:56.235557,2024-12-19 17:15:56.235559
72,177,30,2024-06-10,2024-06-15,857.55,confirmed,0.0,paid,2024-12-19 17:15:56.235691,2024-12-19 17:15:56.235692
73,178,6,2024-06-23,2024-06-26,285.49,cancelled,19.45,paid,2024-12-19 17:15:56.235844,2024-12-19 17:15:56.235845
74,181,41,2024-06-23,2024-06-28,2382.75,confirmed,0.0,paid,2024-12-19 17:15:56.236306,2024-12-19 17:15:56.236308
75,182,50,2024-06-01,2024-06-06,2101.4,confirmed,0.0,paid,2024-12-19 17:15:56.236591,2024-12-19 17:15:56.236593
76,184,34,2024-06-20,2024-06-23,1136.45,confirmed,2.44,failed,2024-12-19 17:15:56.236761,2024-12-19 17:15:56.236762
77,184,16,2024-06-16,2024-06-18,659.48,cancelled,3.65,unpaid,2024-12-19 17:15:56.236899,2024-12-19 17:15:56.236900
78,185,7,2024-06-10,2024-06-16,1092.64,confirmed,1.19,unpaid,2024-12-19 17:15:56.237059,2024-12-19 17:15:56.237061
79,185,48,2024-06-25,2024-06-27,735.06,confirmed,8.91,paid,2024-12-19 17:15:56.237194,2024-12-19 17:15:56.237195
80,185,38,2024-06-10,2024-06-16,2078.4,confirmed,0.0,paid,2024-12-19 17:15:56.237333,2024-12-19 17:15:56.237335
81,186,30,2024-06-10,2024-06-13,457.06,confirmed,11.17,unpaid,2024-12-19 17:15:56.237489,2024-12-19 17:15:56.237490
82,189,31,2024-06-14,2024-06-15,489.32,cancelled,1.35,paid,2024-12-19 17:15:56.237688,2024-12-19 17:15:56.237689
83,189,20,2024-06-20,2024-06-25,1805.83,cancelled,2.97,paid,2024-12-19 17:15:56.237824,2024-12-19 17:15:56.237825
84,190,12,2024-06-28,2024-06-29,293.31,confirmed,19.6,paid,2024-12-19 17:15:56.237983,2024-12-19 17:15:56.237984
85,192,36,2024-06-27,2024-06-28,65.36,confirmed,15.25,failed,2024-12-19 17:15:56.238151,2024-12-19 17:15:56.238153
86,192,27,2024-06-03,2024-06-05,662.87,confirmed,7.27,paid,2024-12-19 17:15:56.238330,2024-12-19 17:15:56.238332
87,193,16,2024-06-13,2024-06-15,684.46,confirmed,0.0,failed,2024-12-19 17:15:56.238513,2024-12-19 17:15:56.238515
88,194,5,2024-06-10,2024-06-16,2454.84,confirmed,0.0,unpaid,2024-12-19 17:15:56.238663,2024-12-19 17:15:56.238665
89,195,12,2024-06-11,2024-06-15,1312.73,confirmed,10.04,unpaid,2024-12-19 17:15:56.238813,2024-12-19 17:15:56.238814
90,199,6,2024-06-08,2024-06-12,472.56,pending,0.0,paid,2024-12-19 17:15:56.239004,2024-12-19 17:15:56.239006
91,200,1,2024-06-03,2024-06-09,2169.76,cancelled,5.07,paid,2024-12-19 17:15:56.239154,2024-12-19 17:15:56.239155
92,202,43,2024-06-08,2024-06-09,348.28,cancelled,18.27,failed,2024-12-19 17:15:56.239451,2024-12-19 17:15:56.239453
93,205,17,2024-06-21,2024-06-27,612.61,cancelled,10.82,failed,2024-12-19 17:15:56.239764,2024-12-19 17:15:56.239765
94,206,20,2024-06-10,2024-06-12,662.03,confirmed,11.07,paid,2024-12-19 17:15:56.240168,2024-12-19 17:15:56.240170
95,207,23,2024-06-16,2024-06-21,1400.89,confirmed,1.64,failed,2024-12-19 17:15:56.240444,2024-12-19 17:15:56.240445
96,208,22,2024-06-10,2024-06-13,1224.09,confirmed,0.0,unpaid,2024-12-19 17:15:56.240595,2024-12-19 17:15:56.240597
97,209,30,2024-06-16,2024-06-21,775.23,pending,9.6,paid,2024-12-19 17:15:56.240871,2024-12-19 17:15:56.240873
98,209,26,2024-06-13,2024-06-14,206.74,cancelled,2.64,unpaid,2024-12-19 17:15:56.241005,2024-12-19 17:15:56.241006
99,210,12,2024-06-16,2024-06-22,1985.73,confirmed,9.28,paid,2024-12-19 17:15:56.241159,2024-12-19 17:15:56.241161
100,210,3,2024-06-09,2024-06-12,359.64,confirmed,11.2,paid,2024-12-19 17:15:56.241309,2024-12-19 17:15:56.241311
101,211,37,2024-06-18,2024-06-21,1077.01,confirmed,12.73,failed,2024-12-19 17:15:56.241554,2024-12-19 17:15:56.241556
102,212,49,2024-06-19,2024-06-22,209.83,confirmed,10.1,paid,2024-12-19 17:15:56.241726,2024-12-19 17:15:56.241727
103,212,48,2024-06-10,2024-06-14,1547.75,confirmed,4.1,unpaid,2024-12-19 17:15:56.241866,2024-12-19 17:15:56.241868
104,213,5,2024-06-12,2024-06-13,377.43,confirmed,7.75,unpaid,2024-12-19 17:15:56.242025,2024-12-19 17:15:56.242027
105,213,38,2024-06-02,2024-06-05,881.03,confirmed,15.22,unpaid,2024-12-19 17:15:56.242217,2024-12-19 17:15:56.242221
106,214,50,2024-06-25,2024-06-29,1681.12,cancelled,0.0,failed,2024-12-19 17:15:56.242627,2024-12-19 17:15:56.242629
107,215,16,2024-06-23,2024-06-24,307.73,confirmed,10.08,paid,2024-12-19 17:15:56.242971,2024-12-19 17:15:56.242973
108,216,15,2024-06-13,2024-06-17,385.92,confirmed,0.0,unpaid,2024-12-19 17:15:56.243137,2024-12-19 17:15:56.243138
109,217,5,2024-06-21,2024-06-24,1154.14,cancelled,5.97,failed,2024-12-19 17:15:56.243304,2024-12-19 17:15:56.243306
110,218,28,2024-06-23,2024-06-29,2050.98,confirmed,0.0,paid,2024-12-19 17:15:56.243465,2024-12-19 17:15:56.243466
111,218,43,2024-06-08,2024-06-14,2462.49,confirmed,3.69,failed,2024-12-19 17:15:56.243601,2024-12-19 17:15:56.243602
112,220,42,2024-06-20,2024-06-25,2405.4,cancelled,0.0,paid,2024-12-19 17:15:56.243785,2024-12-19 17:15:56.243787
113,220,9,2024-06-02,2024-06-05,1202.73,cancelled,12.06,unpaid,2024-12-19 17:15:56.243921,2024-12-19 17:15:56.243922
114,221,22,2024-06-24,2024-06-26,709.07,pending,13.11,unpaid,2024-12-19 17:15:56.244303,2024-12-19 17:15:56.244305
115,223,43,2024-06-20,2024-06-23,1172.82,cancelled,8.26,failed,2024-12-19 17:15:56.244479,2024-12-19 17:15:56.244481
116,224,2,2024-06-07,2024-06-11,232.09,pending,6.05,paid,2024-12-19 17:15:56.244638,2024-12-19 17:15:56.244639
117,225,30,2024-06-21,2024-06-27,989.85,confirmed,3.81,failed,2024-12-19 17:15:56.244796,2024-12-19 17:15:56.244797
118,226,44,2024-06-01,2024-06-03,375.84,confirmed,5.22,unpaid,2024-12-19 17:15:56.245090,2024-12-19 17:15:56.245091
119,227,27,2024-06-28,2024-06-29,334.37,confirmed,6.45,paid,2024-12-19 17:15:56.245239,2024-12-19 17:15:56.245240
120,227,22,2024-06-23,2024-06-27,1308.96,pending,19.8,paid,2024-12-19 17:15:56.245364,2024-12-19 17:15:56.245366
121,229,42,2024-06-24,2024-06-25,481.08,confirmed,0.0,paid,2024-12-19 17:15:56.245521,2024-12-19 17:15:56.245522
122,229,16,2024-06-25,2024-06-27,617.04,confirmed,9.85,failed,2024-12-19 17:15:56.245646,2024-12-19 17:15:56.245647
123,230,28,2024-06-01,2024-06-07,2041.75,pending,0.45,unpaid,2024-12-19 17:15:56.245787,2024-12-19 17:15:56.245788
124,230,49,2024-06-25,2024-06-26,75.37,cancelled,3.12,failed,2024-12-19 17:15:56.245920,2024-12-19 17:15:56.245922
125,231,26,2024-06-25,2024-06-29,797.67,confirmed,6.09,unpaid,2024-12-19 17:15:56.246078,2024-12-19 17:15:56.246080
126,233,22,2024-06-04,2024-06-05,365.72,confirmed,10.37,failed,2024-12-19 17:15:56.246516,2024-12-19 17:15:56.246518
127,234,20,2024-06-05,2024-06-08,1116.66,cancelled,0.0,paid,2024-12-19 17:15:56.246676,2024-12-19 17:15:56.246677
128,237,20,2024-06-26,2024-06-29,962.11,confirmed,13.84,failed,2024-12-19 17:15:56.246999,2024-12-19 17:15:56.247000
129,238,27,2024-06-21,2024-06-25,1429.68,pending,0.0,failed,2024-12-19 17:15:56.247290,2024-12-19 17:15:56.247292
130,239,42,2024-06-09,2024-06-14,1927.69,pending,19.86,failed,2024-12-19 17:15:56.247451,2024-12-19 17:15:56.247453
131,241,11,2024-06-07,2024-06-08,433.86,confirmed,10.15,failed,2024-12-19 17:15:56.247629,2024-12-19 17:15:56.247631
132,241,14,2024-06-10,2024-06-13,769.78,confirmed,1.47,paid,2024-12-19 17:15:56.247770,2024-12-19 17:15:56.247772
133,242,45,2024-06-21,2024-06-27,1498.18,confirmed,19.26,paid,2024-12-19 17:15:56.247930,2024-12-19 17:15:56.247931
134,243,26,2024-06-03,2024-06-08,939.22,confirmed,11.54,paid,2024-12-19 17:15:56.248086,2024-12-19 17:15:56.248087
135,244,18,2024-06-21,2024-06-27,337.37,confirmed,17.08,unpaid,2024-12-19 17:15:56.248252,2024-12-19 17:15:56.248253
136,244,11,2024-06-05,2024-06-07,965.74,pending,0.0,paid,2024-12-19 17:15:56.248388,2024-12-19 17:15:56.248390
137,245,22,2024-06-15,2024-06-16,340.83,cancelled,16.47,failed,2024-12-19 17:15:56.248554,2024-12-19 17:15:56.248556
138,245,49,2024-06-28,2024-06-29,66.44,confirmed,14.6,failed,2024-12-19 17:15:56.248694,2024-12-19 17:15:56.248695
139,248,26,2024-06-18,2024-06-23,900.05,cancelled,15.23,failed,2024-12-19 17:15:56.249024,2024-12-19 17:15:56.249026
140,248,10,2024-06-09,2024-06-10,140.28,cancelled,0.0,failed,2024-12-19 17:15:56.249187,2024-12-19 17:15:56.249189
141,250,27,2024-06-26,2024-06-28,643.21,pending,10.02,paid,2024-12-19 17:15:56.249358,2024-12-19 17:15:56.249360
142,250,7,2024-06-10,2024-06-13,552.9,pending,0.0,failed,2024-12-19 17:15:56.249502,2024-12-19 17:15:56.249504
143,251,11,2024-06-16,2024-06-19,1420.07,pending,1.97,unpaid,2024-12-19 17:15:56.249659,2024-12-19 17:15:56.249660
144,251,6,2024-06-06,2024-06-11,572.51,confirmed,3.08,paid,2024-12-19 17:15:56.249797,2024-12-19 17:15:56.249799
145,252,27,2024-06-09,2024-06-15,2115.78,confirmed,1.34,failed,2024-12-19 17:15:56.249964,2024-12-19 17:15:56.249966
146,252,29,2024-06-05,2024-06-09,1601.43,confirmed,19.39,failed,2024-12-19 17:15:56.250110,2024-12-19 17:15:56.250112
147,255,3,2024-06-23,2024-06-24,110.5,confirmed,18.15,paid,2024-12-19 17:15:56.250302,2024-12-19 17:15:56.250304
148,255,16,2024-06-17,2024-06-21,1172.21,confirmed,14.37,failed,2024-12-19 17:15:56.250451,2024-12-19 17:15:56.250452
149,256,34,2024-06-28,2024-06-29,338.05,confirmed,12.94,failed,2024-12-19 17:15:56.250607,2024-12-19 17:15:56.250608
150,257,32,2024-06-16,2024-06-22,483.48,confirmed,0.0,unpaid,2024-12-19 17:15:56.250766,2024-12-19 17:15:56.250767
151,259,19,2024-06-13,2024-06-14,141.0,pending,4.97,failed,2024-12-19 17:15:56.251209,2024-12-19 17:15:56.251210
152,259,7,2024-06-11,2024-06-13,368.6,confirmed,0.0,paid,2024-12-19 17:15:56.251353,2024-12-19 17:15:56.251355
153,260,8,2024-06-15,2024-06-18,1147.47,pending,18.55,unpaid,2024-12-19 17:15:56.251513,2024-12-19 17:15:56.251514
154,261,11,2024-06-06,2024-06-07,469.2,cancelled,2.83,unpaid,2024-12-19 17:15:56.251664,2024-12-19 17:15:56.251665
155,261,47,2024-06-05,2024-06-07,522.52,pending,11.59,unpaid,2024-12-19 17:15:56.251804,2024-12-19 17:15:56.251806
156,261,36,2024-06-21,2024-06-22,69.76,confirmed,9.54,failed,2024-12-19 17:15:56.251943,2024-12-19 17:15:56.251944
157,263,16,2024-06-02,2024-06-04,684.46,confirmed,0.0,unpaid,2024-12-19 17:15:56.252395,2024-12-19 17:15:56.252397
158,263,33,2024-06-14,2024-06-20,2536.32,confirmed,0.0,unpaid,2024-12-19 17:15:56.252535,2024-12-19 17:15:56.252536
159,264,25,2024-06-08,2024-06-12,248.48,cancelled,0.0,paid,2024-12-19 17:15:56.252697,2024-12-19 17:15:56.252698
160,264,11,2024-06-23,2024-06-26,1448.61,confirmed,0.0,failed,2024-12-19 17:15:56.252823,2024-12-19 17:15:56.252825
161,266,19,2024-06-10,2024-06-14,593.48,cancelled,0.0,failed,2024-12-19 17:15:56.253149,2024-12-19 17:15:56.253151
162,267,21,2024-06-14,2024-06-20,1649.52,pending,0.0,paid,2024-12-19 17:15:56.253442,2024-12-19 17:15:56.253443
163,267,18,2024-06-05,2024-06-08,203.43,confirmed,0.0,unpaid,2024-12-19 17:15:56.253582,2024-12-19 17:15:56.253584
164,267,2,2024-06-21,2024-06-24,171.48,confirmed,7.45,paid,2024-12-19 17:15:56.253717,2024-12-19 17:15:56.253718
165,268,41,2024-06-06,2024-06-12,2648.0,confirmed,7.39,failed,2024-12-19 17:15:56.253999,2024-12-19 17:15:56.254000
166,271,4,2024-06-17,2024-06-19,163.63,confirmed,17.19,unpaid,2024-12-19 17:15:56.254320,2024-12-19 17:15:56.254322
167,272,15,2024-06-08,2024-06-09,80.37,confirmed,16.7,unpaid,2024-12-19 17:15:56.254608,2024-12-19 17:15:56.254609
168,273,28,2024-06-12,2024-06-17,1522.85,confirmed,10.9,failed,2024-12-19 17:15:56.254762,2024-12-19 17:15:56.254764
169,274,32,2024-06-25,2024-06-29,280.81,pending,12.88,failed,2024-12-19 17:15:56.254912,2024-12-19 17:15:56.254914
170,275,2,2024-06-09,2024-06-12,181.5,cancelled,2.04,unpaid,2024-12-19 17:15:56.255064,2024-12-19 17:15:56.255066
171,276,6,2024-06-03,2024-06-05,231.6,confirmed,1.98,unpaid,2024-12-19 17:15:56.255236,2024-12-19 17:15:56.255238
172,277,20,2024-06-03,2024-06-07,1488.88,confirmed,0.0,unpaid,2024-12-19 17:15:56.255391,2024-12-19 17:15:56.255392
173,279,41,2024-06-18,2024-06-20,767.34,confirmed,19.49,paid,2024-12-19 17:15:56.255688,2024-12-19 17:15:56.255690
174,281,14,2024-06-11,2024-06-13,458.34,confirmed,12.0,unpaid,2024-12-19 17:15:56.255899,2024-12-19 17:15:56.255902
175,281,40,2024-06-05,2024-06-07,655.0,pending,15.19,unpaid,2024-12-19 17:15:56.256099,2024-12-19 17:15:56.256101
176,281,32,2024-06-10,2024-06-14,322.32,confirmed,0.0,paid,2024-12-19 17:15:56.256260,2024-12-19 17:15:56.256261
177,282,22,2024-06-16,2024-06-22,2448.18,cancelled,0.0,paid,2024-12-19 17:15:56.256444,2024-12-19 17:15:56.256446
178,285,27,2024-06-13,2024-06-17,1287.14,cancelled,9.97,unpaid,2024-12-19 17:15:56.256799,2024-12-19 17:15:56.256801
179,286,37,2024-06-08,2024-06-14,2325.06,pending,5.8,paid,2024-12-19 17:15:56.256964,2024-12-19 17:15:56.256966
180,287,41,2024-06-06,2024-06-09,1308.27,confirmed,8.49,failed,2024-12-19 17:15:56.257126,2024-12-19 17:15:56.257127
181,287,32,2024-06-10,2024-06-13,239.64,pending,0.87,paid,2024-12-19 17:15:56.257280,2024-12-19 17:15:56.257281
182,287,37,2024-06-03,2024-06-06,1182.52,confirmed,4.18,failed,2024-12-19 17:15:56.257433,2024-12-19 17:15:56.257435
183,288,42,2024-06-18,2024-06-23,2113.38,confirmed,12.14,unpaid,2024-12-19 17:15:56.257588,2024-12-19 17:15:56.257590
184,289,33,2024-06-11,2024-06-17,2170.08,pending,14.44,failed,2024-12-19 17:15:56.257749,2024-12-19 17:15:56.257751
185,290,40,2024-06-10,2024-06-14,1483.47,confirmed,3.96,unpaid,2024-12-19 17:15:56.258026,2024-12-19 17:15:56.258028
186,292,21,2024-06-01,2024-06-06,1261.61,pending,8.22,unpaid,2024-12-19 17:15:56.258331,2024-12-19 17:15:56.258332
187,292,22,2024-06-21,2024-06-27,2008.98,confirmed,17.94,unpaid,2024-12-19 17:15:56.258481,2024-12-19 17:15:56.258482
188,294,49,2024-06-02,2024-06-08,388.38,pending,16.8,paid,2024-12-19 17:15:56.258661,2024-12-19 17:15:56.258663
189,294,4,2024-06-19,2024-06-25,592.8,pending,0.0,unpaid,2024-12-19 17:15:56.258799,2024-12-19 17:15:56.258801
190,295,44,2024-06-01,2024-06-07,1189.62,confirmed,0.0,unpaid,2024-12-19 17:15:56.258953,2024-12-19 17:15:56.258955
191,296,49,2024-06-16,2024-06-19,205.37,pending,12.01,unpaid,2024-12-19 17:15:56.259372,2024-12-19 17:15:56.259374
192,297,20,2024-06-21,2024-06-26,1850.31,cancelled,0.58,failed,2024-12-19 17:15:56.259542,2024-12-19 17:15:56.259543
193,298,49,2024-06-17,2024-06-19,143.57,pending,7.73,paid,2024-12-19 17:15:56.259693,2024-12-19 17:15:56.259694
194,299,46,2024-06-17,2024-06-21,1391.87,confirmed,2.56,paid,2024-12-19 17:15:56.259852,2024-12-19 17:15:56.259854
195,300,1,2024-06-23,2024-06-25,637.24,confirmed,16.36,unpaid,2024-12-19 17:15:56.260012,2024-12-19 17:15:56.260013
196,301,33,2024-06-18,2024-06-20,745.85,confirmed,11.78,paid,2024-12-19 17:15:56.260182,2024-12-19 17:15:56.260183
197,303,43,2024-06-20,2024-06-25,2130.7,pending,0.0,paid,2024-12-19 17:15:56.260350,2024-12-19 17:15:56.260351
198,304,32,2024-06-03,2024-06-04,77.79,confirmed,3.46,failed,2024-12-19 17:15:56.260508,2024-12-19 17:15:56.260509
199,305,22,2024-06-13,2024-06-17,1496.49,cancelled,8.31,failed,2024-12-19 17:15:56.260661,2024-12-19 17:15:56.260663
200,305,11,2024-06-14,2024-06-18,1931.48,pending,0.0,unpaid,2024-12-19 17:15:56.260811,2024-12-19 17:15:56.260812
201,305,11,2024-06-21,2024-06-23,784.95,confirmed,18.72,unpaid,2024-12-19 17:15:56.260948,2024-12-19 17:15:56.260949
202,306,36,2024-06-14,2024-06-20,432.23,confirmed,6.59,paid,2024-12-19 17:15:56.261104,2024-12-19 17:15:56.261106
203,306,18,2024-06-20,2024-06-21,65.15,confirmed,3.93,failed,2024-12-19 17:15:56.261255,2024-12-19 17:15:56.261256
204,306,28,2024-06-03,2024-06-08,1636.0,confirmed,4.28,unpaid,2024-12-19 17:15:56.261394,2024-12-19 17:15:56.261396
205,307,10,2024-06-19,2024-06-21,280.56,cancelled,0.0,failed,2024-12-19 17:15:56.261570,2024-12-19 17:15:56.261571
206,310,46,2024-06-08,2024-06-11,952.09,confirmed,11.13,unpaid,2024-12-19 17:15:56.261764,2024-12-19 17:15:56.261766
207,310,19,2024-06-23,2024-06-24,125.91,confirmed,15.14,paid,2024-12-19 17:15:56.261905,2024-12-19 17:15:56.261907
208,311,16,2024-06-02,2024-06-07,1466.11,cancelled,14.32,unpaid,2024-12-19 17:15:56.262069,2024-12-19 17:15:56.262071
209,311,25,2024-06-23,2024-06-25,124.24,confirmed,0.0,unpaid,2024-12-19 17:15:56.262208,2024-12-19 17:15:56.262210
210,312,34,2024-06-06,2024-06-07,318.94,cancelled,17.86,paid,2024-12-19 17:15:56.262366,2024-12-19 17:15:56.262368
211,312,17,2024-06-12,2024-06-17,551.84,confirmed,3.6,failed,2024-12-19 17:15:56.262519,2024-12-19 17:15:56.262521
212,315,29,2024-06-26,2024-06-27,468.3,confirmed,5.71,failed,2024-12-19 17:15:56.262964,2024-12-19 17:15:56.262966
213,316,40,2024-06-23,2024-06-25,772.32,confirmed,0.0,paid,2024-12-19 17:15:56.263124,2024-12-19 17:15:56.263125
214,316,39,2024-06-28,2024-06-29,486.8,confirmed,0.0,failed,2024-12-19 17:15:56.263262,2024-12-19 17:15:56.263263
215,317,18,2024-06-25,2024-06-29,271.24,confirmed,0.0,paid,2024-12-19 17:15:56.263420,2024-12-19 17:15:56.263422
216,317,18,2024-06-11,2024-06-14,193.32,confirmed,4.97,paid,2024-12-19 17:15:56.263551,2024-12-19 17:15:56.263553
217,318,30,2024-06-04,2024-06-06,309.85,confirmed,9.67,failed,2024-12-19 17:15:56.263707,2024-12-19 17:15:56.263708
218,318,17,2024-06-13,2024-06-15,205.69,pending,10.17,unpaid,2024-12-19 17:15:56.263843,2024-12-19 17:15:56.263844
219,319,25,2024-06-22,2024-06-23,62.12,pending,0.0,failed,2024-12-19 17:15:56.264008,2024-12-19 17:15:56.264010
220,320,14,2024-06-04,2024-06-05,210.86,confirmed,19.03,failed,2024-12-19 17:15:56.264168,2024-12-19 17:15:56.264170
221,322,26,2024-06-02,2024-06-08,1244.41,confirmed,2.33,failed,2024-12-19 17:15:56.264344,2024-12-19 17:15:56.264345
222,323,48,2024-06-13,2024-06-15,715.13,pending,11.38,paid,2024-12-19 17:15:56.264497,2024-12-19 17:15:56.264499
223,324,9,2024-06-17,2024-06-20,1252.92,confirmed,8.39,unpaid,2024-12-19 17:15:56.264664,2024-12-19 17:15:56.264666
224,325,21,2024-06-19,2024-06-24,1284.7,confirmed,6.54,failed,2024-12-19 17:15:56.264947,2024-12-19 17:15:56.264948
225,326,23,2024-06-18,2024-06-19,229.28,pending,19.51,paid,2024-12-19 17:15:56.265102,2024-12-19 17:15:56.265104
226,326,42,2024-06-20,2024-06-21,463.42,cancelled,3.67,failed,2024-12-19 17:15:56.265250,2024-12-19 17:15:56.265252
227,326,24,2024-06-11,2024-06-17,2468.4,confirmed,8.96,failed,2024-12-19 17:15:56.265399,2024-12-19 17:15:56.265401
228,328,15,2024-06-11,2024-06-15,342.08,pending,11.36,paid,2024-12-19 17:15:56.265568,2024-12-19 17:15:56.265570
229,329,50,2024-06-28,2024-06-29,358.84,confirmed,14.62,paid,2024-12-19 17:15:56.265723,2024-12-19 17:15:56.265725
230,330,14,2024-06-08,2024-06-10,520.84,pending,0.0,failed,2024-12-19 17:15:56.265878,2024-12-19 17:15:56.265880
231,330,27,2024-06-13,2024-06-18,1787.1,confirmed,0.0,unpaid,2024-12-19 17:15:56.266137,2024-12-19 17:15:56.266138
232,331,39,2024-06-03,2024-06-06,1394.24,confirmed,4.53,paid,2024-12-19 17:15:56.266295,2024-12-19 17:15:56.266296
233,331,3,2024-06-28,2024-06-29,135.0,confirmed,0.0,failed,2024-12-19 17:15:56.266432,2024-12-19 17:15:56.266433
234,333,29,2024-06-13,2024-06-14,496.66,confirmed,0.0,paid,2024-12-19 17:15:56.266736,2024-12-19 17:15:56.266738
235,333,32,2024-06-21,2024-06-26,348.99,confirmed,13.38,unpaid,2024-12-19 17:15:56.266871,2024-12-19 17:15:56.266872
236,333,17,2024-06-16,2024-06-22,653.97,confirmed,4.8,unpaid,2024-12-19 17:15:56.267013,2024-12-19 17:15:56.267015
237,336,29,2024-06-09,2024-06-13,1868.24,cancelled,5.96,unpaid,2024-12-19 17:15:56.267472,2024-12-19 17:15:56.267473
238,336,31,2024-06-15,2024-06-18,1193.87,pending,19.77,unpaid,2024-12-19 17:15:56.267612,2024-12-19 17:15:56.267613
239,337,28,2024-06-07,2024-06-09,683.66,confirmed,0.0,paid,2024-12-19 17:15:56.267762,2024-12-19 17:15:56.267764
240,338,4,2024-06-12,2024-06-18,517.51,confirmed,12.7,failed,2024-12-19 17:15:56.267934,2024-12-19 17:15:56.267936
241,338,24,2024-06-16,2024-06-20,1521.24,confirmed,15.84,unpaid,2024-12-19 17:15:56.268072,2024-12-19 17:15:56.268074
242,339,1,2024-06-19,2024-06-22,979.51,pending,14.29,failed,2024-12-19 17:15:56.268253,2024-12-19 17:15:56.268255
243,339,26,2024-06-13,2024-06-19,1019.53,pending,19.98,failed,2024-12-19 17:15:56.268391,2024-12-19 17:15:56.268393
244,340,9,2024-06-03,2024-06-09,2726.59,confirmed,0.32,failed,2024-12-19 17:15:56.268544,2024-12-19 17:15:56.268546
245,340,2,2024-06-12,2024-06-18,370.56,confirmed,0.0,paid,2024-12-19 17:15:56.268682,2024-12-19 17:15:56.268683
246,340,7,2024-06-14,2024-06-17,509.11,pending,7.92,failed,2024-12-19 17:15:56.268820,2024-12-19 17:15:56.268822
247,341,36,2024-06-28,2024-06-29,71.95,cancelled,6.71,paid,2024-12-19 17:15:56.268987,2024-12-19 17:15:56.268989
248,342,25,2024-06-03,2024-06-07,242.67,cancelled,2.34,failed,2024-12-19 17:15:56.269139,2024-12-19 17:15:56.269140
249,343,16,2024-06-18,2024-06-20,565.09,cancelled,17.44,paid,2024-12-19 17:15:56.269284,2024-12-19 17:15:56.269286
250,343,24,2024-06-28,2024-06-29,404.53,cancelled,10.48,paid,2024-12-19 17:15:56.269433,2024-12-19 17:15:56.269434
251,345,29,2024-06-25,2024-06-28,1221.34,cancelled,18.03,paid,2024-12-19 17:15:56.269613,2024-12-19 17:15:56.269614
252,345,14,2024-06-05,2024-06-10,1223.32,confirmed,6.05,paid,2024-12-19 17:15:56.269754,2024-12-19 17:15:56.269756
253,345,33,2024-06-22,2024-06-27,1947.68,pending,7.85,failed,2024-12-19 17:15:56.269888,2024-12-19 17:15:56.269889
254,346,38,2024-06-24,2024-06-25,297.9,confirmed,14.0,paid,2024-12-19 17:15:56.270045,2024-12-19 17:15:56.270046
255,347,22,2024-06-27,2024-06-28,369.72,pending,9.39,unpaid,2024-12-19 17:15:56.270213,2024-12-19 17:15:56.270215
256,347,31,2024-06-21,2024-06-24,1387.62,pending,6.75,failed,2024-12-19 17:15:56.270357,2024-12-19 17:15:56.270359
257,350,45,2024-06-01,2024-06-06,1546.3,confirmed,0.0,failed,2024-12-19 17:15:56.270545,2024-12-19 17:15:56.270547
258,350,40,2024-06-27,2024-06-29,720.73,confirmed,6.68,failed,2024-12-19 17:15:56.270683,2024-12-19 17:15:56.270684
259,350,8,2024-06-04,2024-06-10,2630.51,pending,6.64,failed,2024-12-19 17:15:56.270812,2024-12-19 17:15:56.270814
260,351,37,2024-06-02,2024-06-05,1115.76,cancelled,9.59,failed,2024-12-19 17:15:56.270988,2024-12-19 17:15:56.270990
261,351,42,2024-06-27,2024-06-29,962.16,pending,0.0,failed,2024-12-19 17:15:56.271124,2024-12-19 17:15:56.271125
262,352,27,2024-06-11,2024-06-12,357.42,pending,0.0,failed,2024-12-19 17:15:56.271285,2024-12-19 17:15:56.271286
263,352,30,2024-06-24,2024-06-27,458.55,confirmed,10.88,paid,2024-12-19 17:15:56.271421,2024-12-19 17:15:56.271423
264,353,35,2024-06-01,2024-06-07,1066.23,confirmed,4.93,unpaid,2024-12-19 17:15:56.271578,2024-12-19 17:15:56.271579
265,354,24,2024-06-14,2024-06-15,451.89,confirmed,0.0,failed,2024-12-19 17:15:56.271732,2024-12-19 17:15:56.271733
266,355,37,2024-06-13,2024-06-19,2030.36,confirmed,17.74,failed,2024-12-19 17:15:56.272014,2024-12-19 17:15:56.272015
267,356,44,2024-06-02,2024-06-06,708.54,confirmed,10.66,failed,2024-12-19 17:15:56.272168,2024-12-19 17:15:56.272170
268,356,8,2024-06-08,2024-06-09,404.42,pending,13.88,unpaid,2024-12-19 17:15:56.272419,2024-12-19 17:15:56.272420
269,357,35,2024-06-02,2024-06-03,186.92,confirmed,0.0,paid,2024-12-19 17:15:56.272578,2024-12-19 17:15:56.272580
270,358,14,2024-06-27,2024-06-29,520.84,confirmed,0.0,paid,2024-12-19 17:15:56.272854,2024-12-19 17:15:56.272856
271,359,24,2024-06-07,2024-06-11,1807.56,confirmed,0.0,paid,2024-12-19 17:15:56.273009,2024-12-19 17:15:56.273010
272,360,29,2024-06-26,2024-06-27,454.49,confirmed,8.49,failed,2024-12-19 17:15:56.273163,2024-12-19 17:15:56.273164
273,360,1,2024-06-03,2024-06-07,1370.77,confirmed,10.04,failed,2024-12-19 17:15:56.273307,2024-12-19 17:15:56.273309
274,360,38,2024-06-15,2024-06-20,1625.83,pending,6.13,failed,2024-12-19 17:15:56.273452,2024-12-19 17:15:56.273454
275,361,23,2024-06-08,2024-06-10,483.28,cancelled,15.17,unpaid,2024-12-19 17:15:56.273610,2024-12-19 17:15:56.273612
276,361,18,2024-06-28,2024-06-29,59.32,confirmed,12.52,failed,2024-12-19 17:15:56.273743,2024-12-19 17:15:56.273745
277,362,47,2024-06-21,2024-06-23,562.59,pending,4.81,failed,2024-12-19 17:15:56.273897,2024-12-19 17:15:56.273899
278,363,25,2024-06-21,2024-06-27,323.48,confirmed,13.21,failed,2024-12-19 17:15:56.274050,2024-12-19 17:15:56.274052
279,364,42,2024-06-13,2024-06-14,442.35,pending,8.05,paid,2024-12-19 17:15:56.274210,2024-12-19 17:15:56.274212
280,365,20,2024-06-11,2024-06-17,2233.32,confirmed,0.0,failed,2024-12-19 17:15:56.274366,2024-12-19 17:15:56.274368
281,366,36,2024-06-22,2024-06-27,320.43,confirmed,16.9,failed,2024-12-19 17:15:56.274650,2024-12-19 17:15:56.274651
282,366,4,2024-06-12,2024-06-14,196.55,pending,0.53,failed,2024-12-19 17:15:56.274783,2024-12-19 17:15:56.274784
283,367,21,2024-06-11,2024-06-12,274.92,confirmed,0.0,paid,2024-12-19 17:15:56.274937,2024-12-19 17:15:56.274939
284,367,6,2024-06-09,2024-06-13,417.98,confirmed,11.55,failed,2024-12-19 17:15:56.275074,2024-12-19 17:15:56.275075
285,367,42,2024-06-04,2024-06-05,457.31,pending,4.94,paid,2024-12-19 17:15:56.275214,2024-12-19 17:15:56.275216
286,368,3,2024-06-01,2024-06-04,352.19,cancelled,13.04,failed,2024-12-19 17:15:56.275377,2024-12-19 17:15:56.275379
287,369,7,2024-06-20,2024-06-24,701.52,pending,4.84,failed,2024-12-19 17:15:56.275537,2024-12-19 17:15:56.275538
288,369,10,2024-06-28,2024-06-29,129.31,cancelled,7.82,unpaid,2024-12-19 17:15:56.275665,2024-12-19 17:15:56.275666
289,370,5,2024-06-02,2024-06-03,409.14,pending,0.0,paid,2024-12-19 17:15:56.275824,2024-12-19 17:15:56.275826
290,371,28,2024-06-02,2024-06-03,292.85,confirmed,14.33,unpaid,2024-12-19 17:15:56.275979,2024-12-19 17:15:56.275981
291,372,43,2024-06-11,2024-06-14,1042.94,confirmed,18.42,unpaid,2024-12-19 17:15:56.276134,2024-12-19 17:15:56.276136
292,373,19,2024-06-10,2024-06-14,522.32,cancelled,11.99,unpaid,2024-12-19 17:15:56.276291,2024-12-19 17:15:56.276293
293,375,12,2024-06-24,2024-06-26,705.54,confirmed,3.3,paid,2024-12-19 17:15:56.276467,2024-12-19 17:15:56.276468
294,375,32,2024-06-23,2024-06-27,322.32,confirmed,0.0,failed,2024-12-19 17:15:56.276600,2024-12-19 17:15:56.276601
295,376,23,2024-06-07,2024-06-12,1290.37,confirmed,9.4,failed,2024-12-19 17:15:56.276759,2024-12-19 17:15:56.276760
296,376,50,2024-06-02,2024-06-03,395.23,confirmed,5.96,paid,2024-12-19 17:15:56.276890,2024-12-19 17:15:56.276891
297,376,49,2024-06-06,2024-06-12,466.8,confirmed,0.0,failed,2024-12-19 17:15:56.277035,2024-12-19 17:15:56.277037
298,377,32,2024-06-19,2024-06-25,483.48,confirmed,0.0,paid,2024-12-19 17:15:56.277192,2024-12-19 17:15:56.277193
299,378,47,2024-06-28,2024-06-29,251.42,confirmed,14.92,paid,2024-12-19 17:15:56.277334,2024-12-19 17:15:56.277335
300,379,15,2024-06-01,2024-06-06,482.4,confirmed,0.0,unpaid,2024-12-19 17:15:56.277620,2024-12-19 17:15:56.277622
301,380,23,2024-06-22,2024-06-26,1139.4,confirmed,0.0,paid,2024-12-19 17:15:56.277768,2024-12-19 17:15:56.277770
302,381,6,2024-06-04,2024-06-10,674.39,confirmed,4.86,unpaid,2024-12-19 17:15:56.277926,2024-12-19 17:15:56.277928
303,381,29,2024-06-04,2024-06-05,409.25,confirmed,17.6,unpaid,2024-12-19 17:15:56.278063,2024-12-19 17:15:56.278064
304,382,11,2024-06-27,2024-06-28,458.05,confirmed,5.14,paid,2024-12-19 17:15:56.278215,2024-12-19 17:15:56.278217
305,383,9,2024-06-27,2024-06-28,388.05,pending,14.88,paid,2024-12-19 17:15:56.278498,2024-12-19 17:15:56.278500
306,385,37,2024-06-26,2024-06-29,1042.95,pending,15.49,unpaid,2024-12-19 17:15:56.278808,2024-12-19 17:15:56.278810
307,386,23,2024-06-01,2024-06-03,510.05,confirmed,10.47,unpaid,2024-12-19 17:15:56.278961,2024-12-19 17:15:56.278963
308,386,2,2024-06-07,2024-06-12,308.8,pending,0.0,paid,2024-12-19 17:15:56.279098,2024-12-19 17:15:56.279099
309,388,23,2024-06-08,2024-06-10,511.93,confirmed,10.14,unpaid,2024-12-19 17:15:56.279272,2024-12-19 17:15:56.279273
310,389,22,2024-06-19,2024-06-24,2040.15,cancelled,0.0,unpaid,2024-12-19 17:15:56.279426,2024-12-19 17:15:56.279427
311,389,49,2024-06-18,2024-06-20,125.8,confirmed,19.15,failed,2024-12-19 17:15:56.279567,2024-12-19 17:15:56.279569
312,392,13,2024-06-03,2024-06-08,2108.91,pending,5.73,unpaid,2024-12-19 17:15:56.279876,2024-12-19 17:15:56.279878
313,393,27,2024-06-13,2024-06-19,1897.9,pending,11.5,failed,2024-12-19 17:15:56.280025,2024-12-19 17:15:56.280026
314,393,31,2024-06-01,2024-06-02,496.02,pending,0.0,unpaid,2024-12-19 17:15:56.280156,2024-12-19 17:15:56.280158
315,396,3,2024-06-08,2024-06-09,119.38,confirmed,11.57,paid,2024-12-19 17:15:56.280331,2024-12-19 17:15:56.280332
316,396,44,2024-06-04,2024-06-09,991.35,confirmed,0.0,unpaid,2024-12-19 17:15:56.280468,2024-12-19 17:15:56.280470
317,398,49,2024-06-23,2024-06-25,142.08,confirmed,8.69,unpaid,2024-12-19 17:15:56.280635,2024-12-19 17:15:56.280636
318,398,29,2024-06-13,2024-06-17,1787.38,cancelled,10.03,unpaid,2024-12-19 17:15:56.280764,2024-12-19 17:15:56.280765
319,399,42,2024-06-05,2024-06-07,962.16,confirmed,0.0,failed,2024-12-19 17:15:56.280919,2024-12-19 17:15:56.280920
320,399,4,2024-06-13,2024-06-18,494.0,confirmed,0.0,unpaid,2024-12-19 17:15:56.281051,2024-12-19 17:15:56.281052
321,399,33,2024-06-27,2024-06-28,422.72,confirmed,0.0,failed,2024-12-19 17:15:56.281185,2024-12-19 17:15:56.281187
322,400,25,2024-06-13,2024-06-16,169.81,confirmed,8.88,unpaid,2024-12-19 17:15:56.281334,2024-12-19 17:15:56.281336
