PaymentID,BookingID,PaymentDate,Amount
4,4,2024-06-21,2188.86
9,9,2024-06-10,1699.84
11,11,2024-06-21,1272.96
12,12,2024-06-28,1367.32
14,14,2024-06-24,2405.4
15,15,2024-06-22,314.79
16,16,2024-06-16,1632.2
26,26,2024-06-11,1110.82
27,27,2024-06-11,311.49
29,29,2024-06-04,987.76
30,30,2024-06-16,296.4
33,33,2024-06-05,1148.98
37,37,2024-06-02,1045.34
38,38,2024-06-12,1382.86
39,39,2024-06-23,80.58
41,41,2024-06-03,1159.94
42,42,2024-06-18,397.46
45,45,2024-06-16,264.22
47,47,2024-06-23,435.06
48,48,2024-06-06,296.74
49,49,2024-06-22,1546.3
53,53,2024-06-06,396.63
54,54,2024-06-22,391.52
58,58,2024-06-27,114.49
65,65,2024-06-28,1613.92
67,67,2024-06-25,792.71
72,72,2024-06-12,857.55
73,73,2024-06-24,285.49
74,74,2024-06-24,2382.75
75,75,2024-06-03,2101.4
79,79,2024-06-26,735.06
80,80,2024-06-10,2078.4
82,82,2024-06-14,489.32
83,83,2024-06-20,1805.83
84,84,2024-06-28,293.31
86,86,2024-06-04,662.87
90,90,2024-06-09,472.56
91,91,2024-06-07,2169.76
94,94,2024-06-11,662.03
97,97,2024-06-20,775.23
99,99,2024-06-20,1985.73
100,100,2024-06-11,359.64
102,102,2024-06-20,209.83
107,107,2024-06-23,307.73
110,110,2024-06-26,2050.98
112,112,2024-06-21,2405.4
116,116,2024-06-07,232.09
119,119,2024-06-28,334.37
120,120,2024-06-24,1308.96
121,121,2024-06-24,481.08
127,127,2024-06-05,1116.66
132,132,2024-06-10,769.78
133,133,2024-06-25,1498.18
134,134,2024-06-05,939.22
136,136,2024-06-05,965.74
141,141,2024-06-27,643.21
144,144,2024-06-06,572.51
147,147,2024-06-23,110.5
152,152,2024-06-12,368.6
159,159,2024-06-09,248.48
162,162,2024-06-14,1649.52
164,164,2024-06-23,171.48
173,173,2024-06-18,767.34
176,176,2024-06-11,322.32
177,177,2024-06-19,2448.18
179,179,2024-06-12,2325.06
181,181,2024-06-11,239.64
188,188,2024-06-04,388.38
193,193,2024-06-18,143.57
194,194,2024-06-17,1391.87
196,196,2024-06-18,745.85
197,197,2024-06-21,2130.7
202,202,2024-06-18,432.23
207,207,2024-06-23,125.91
210,210,2024-06-06,318.94
213,213,2024-06-23,772.32
215,215,2024-06-25,271.24
216,216,2024-06-11,193.32
222,222,2024-06-13,715.13
225,225,2024-06-18,229.28
228,228,2024-06-11,342.08
229,229,2024-06-28,358.84
232,232,2024-06-04,1394.24
234,234,2024-06-13,496.66
239,239,2024-06-07,683.66
245,245,2024-06-14,370.56
247,247,2024-06-28,71.95
249,249,2024-06-19,565.09
250,250,2024-06-28,404.53
251,251,2024-06-25,1221.34
252,252,2024-06-09,1223.32
254,254,2024-06-24,297.9
263,263,2024-06-24,458.55
269,269,2024-06-02,186.92
270,270,2024-06-28,520.84
271,271,2024-06-10,1807.56
279,279,2024-06-13,442.35
283,283,2024-06-11,274.92
285,285,2024-06-04,457.31
289,289,2024-06-02,409.14
293,293,2024-06-25,705.54
296,296,2024-06-02,395.23
298,298,2024-06-23,483.48
299,299,2024-06-28,251.42
301,301,2024-06-22,1139.4
304,304,2024-06-27,458.05
305,305,2024-06-27,388.05
308,308,2024-06-07,308.8
315,315,2024-06-08,119.38
